fetched_at,ref,episode_id,agent_index,episode_type,episode_state,log_path
2026-06-19T17:00:38+00:00,53854707,80703975,0,EPISODE_TYPE_PUBLIC,COMPLETED,report/agent_logs/80703975-0.json
2026-06-19T17:00:38+00:00,53854707,80703971,0,EPISODE_TYPE_PUBLIC,COMPLETED,report/agent_logs/80703971-0.json
2026-06-19T17:00:38+00:00,53854707,80703294,1,EPISODE_TYPE_PUBLIC,COMPLETED,report/agent_logs/80703294-1.json
2026-06-19T17:00:38+00:00,53854707,80702777,1,EPISODE_TYPE_PUBLIC,COMPLETED,report/agent_logs/80702777-1.json
2026-06-19T17:00:38+00:00,53854707,80702269,0,EPISODE_TYPE_PUBLIC,COMPLETED,report/agent_logs/80702269-0.json
2026-06-19T17:00:38+00:00,53854707,80701771,1,EPISODE_TYPE_PUBLIC,COMPLETED,report/agent_logs/80701771-1.json
2026-06-19T17:00:38+00:00,53854707,80701080,1,EPISODE_TYPE_PUBLIC,COMPLETED,report/agent_logs/80701080-1.json
2026-06-19T17:00:38+00:00,53854707,80700576,1,EPISODE_TYPE_PUBLIC,COMPLETED,report/agent_logs/80700576-1.json
2026-06-19T17:00:38+00:00,53854707,80700059,0,EPISODE_TYPE_PUBLIC,COMPLETED,report/agent_logs/80700059-0.json
2026-06-19T17:00:38+00:00,53854707,80699380,1,EPISODE_TYPE_PUBLIC,COMPLETED,report/agent_logs/80699380-1.json
2026-06-19T17:00:38+00:00,53854707,80698719,0,EPISODE_TYPE_PUBLIC,COMPLETED,report/agent_logs/80698719-0.json
2026-06-19T17:00:38+00:00,53854707,80698032,1,EPISODE_TYPE_PUBLIC,COMPLETED,report/agent_logs/80698032-1.json
2026-06-19T17:00:38+00:00,53854707,80697354,1,EPISODE_TYPE_PUBLIC,COMPLETED,report/agent_logs/80697354-1.json
2026-06-19T17:00:38+00:00,53854707,80696577,0,EPISODE_TYPE_VALIDATION,COMPLETED,report/agent_logs/80696577-0.json
2026-06-19T17:00:38+00:00,53854707,80696577,1,EPISODE_TYPE_VALIDATION,COMPLETED,report/agent_logs/80696577-1.json
2026-06-19T17:26:49+00:00,53856584,80708341,0,EPISODE_TYPE_VALIDATION,COMPLETED,report/agent_logs/80708341-0.json
2026-06-19T17:26:49+00:00,53856584,80708341,1,EPISODE_TYPE_VALIDATION,COMPLETED,report/agent_logs/80708341-1.json
2026-06-19T17:26:52+00:00,53854707,80707247,0,EPISODE_TYPE_PUBLIC,COMPLETED,report/agent_logs/80707247-0.json
2026-06-19T17:26:52+00:00,53854707,80706493,1,EPISODE_TYPE_PUBLIC,COMPLETED,report/agent_logs/80706493-1.json
2026-06-19T17:26:52+00:00,53854707,80705877,0,EPISODE_TYPE_PUBLIC,COMPLETED,report/agent_logs/80705877-0.json
2026-06-19T17:26:52+00:00,53854707,80705880,0,EPISODE_TYPE_PUBLIC,COMPLETED,report/agent_logs/80705880-0.json
2026-06-19T17:26:52+00:00,53854707,80705364,0,EPISODE_TYPE_PUBLIC,COMPLETED,report/agent_logs/80705364-0.json
2026-06-19T17:26:52+00:00,53854707,80704681,0,EPISODE_TYPE_PUBLIC,COMPLETED,report/agent_logs/80704681-0.json
2026-06-20T15:28:48+00:00,53886522,80903313,1,EPISODE_TYPE_PUBLIC,COMPLETED,report/agent_logs/80903313-1.json
2026-06-20T15:28:48+00:00,53886522,80902763,0,EPISODE_TYPE_PUBLIC,COMPLETED,report/agent_logs/80902763-0.json
2026-06-20T15:28:48+00:00,53886522,80902115,0,EPISODE_TYPE_VALIDATION,COMPLETED,report/agent_logs/80902115-0.json
2026-06-20T15:28:48+00:00,53886522,80902115,1,EPISODE_TYPE_VALIDATION,COMPLETED,report/agent_logs/80902115-1.json
2026-06-20T15:30:15+00:00,53869254,80902314,1,EPISODE_TYPE_PUBLIC,COMPLETED,report/agent_logs/80902314-1.json
2026-06-20T15:30:15+00:00,53869254,80901877,0,EPISODE_TYPE_PUBLIC,COMPLETED,report/agent_logs/80901877-0.json
2026-06-20T15:30:15+00:00,53869254,80894216,1,EPISODE_TYPE_PUBLIC,COMPLETED,report/agent_logs/80894216-1.json
2026-06-20T15:30:15+00:00,53869254,80875039,1,EPISODE_TYPE_PUBLIC,COMPLETED,report/agent_logs/80875039-1.json
2026-06-20T15:30:15+00:00,53869254,80873459,0,EPISODE_TYPE_PUBLIC,COMPLETED,report/agent_logs/80873459-0.json
2026-06-20T15:30:15+00:00,53869254,80869508,0,EPISODE_TYPE_PUBLIC,COMPLETED,report/agent_logs/80869508-0.json
2026-06-20T15:30:15+00:00,53869254,80862985,0,EPISODE_TYPE_PUBLIC,COMPLETED,report/agent_logs/80862985-0.json
2026-06-20T15:30:15+00:00,53869254,80839145,1,EPISODE_TYPE_PUBLIC,COMPLETED,report/agent_logs/80839145-1.json
2026-06-20T15:30:15+00:00,53869254,80835338,0,EPISODE_TYPE_PUBLIC,COMPLETED,report/agent_logs/80835338-0.json
2026-06-20T15:30:15+00:00,53869254,80832283,0,EPISODE_TYPE_PUBLIC,COMPLETED,report/agent_logs/80832283-0.json
2026-06-20T15:30:15+00:00,53869254,80817112,1,EPISODE_TYPE_PUBLIC,COMPLETED,report/agent_logs/80817112-1.json
2026-06-20T15:30:15+00:00,53869254,80816987,0,EPISODE_TYPE_PUBLIC,COMPLETED,report/agent_logs/80816987-0.json
2026-06-20T15:30:15+00:00,53869254,80816571,0,EPISODE_TYPE_PUBLIC,COMPLETED,report/agent_logs/80816571-0.json
2026-06-20T15:30:15+00:00,53869254,80815901,1,EPISODE_TYPE_PUBLIC,COMPLETED,report/agent_logs/80815901-1.json
2026-06-20T15:30:15+00:00,53869254,80815886,1,EPISODE_TYPE_PUBLIC,COMPLETED,report/agent_logs/80815886-1.json
2026-06-20T15:30:15+00:00,53869254,80815170,1,EPISODE_TYPE_PUBLIC,COMPLETED,report/agent_logs/80815170-1.json
2026-06-20T15:30:15+00:00,53869254,80814646,0,EPISODE_TYPE_PUBLIC,COMPLETED,report/agent_logs/80814646-0.json
2026-06-20T15:30:15+00:00,53869254,80813946,0,EPISODE_TYPE_PUBLIC,COMPLETED,report/agent_logs/80813946-0.json
2026-06-20T15:30:15+00:00,53869254,80813235,1,EPISODE_TYPE_PUBLIC,COMPLETED,report/agent_logs/80813235-1.json
2026-06-20T15:30:15+00:00,53869254,80812533,1,EPISODE_TYPE_PUBLIC,COMPLETED,report/agent_logs/80812533-1.json
2026-06-20T15:30:15+00:00,53869254,80812011,0,EPISODE_TYPE_PUBLIC,COMPLETED,report/agent_logs/80812011-0.json
2026-06-20T15:30:15+00:00,53869254,80811481,0,EPISODE_TYPE_PUBLIC,COMPLETED,report/agent_logs/80811481-0.json
2026-06-20T15:30:15+00:00,53869254,80810789,0,EPISODE_TYPE_PUBLIC,COMPLETED,report/agent_logs/80810789-0.json
2026-06-20T15:30:15+00:00,53869254,80810096,0,EPISODE_TYPE_PUBLIC,COMPLETED,report/agent_logs/80810096-0.json
2026-06-20T15:30:15+00:00,53869254,80809396,0,EPISODE_TYPE_PUBLIC,COMPLETED,report/agent_logs/80809396-0.json
2026-06-20T15:30:15+00:00,53869254,80808712,1,EPISODE_TYPE_PUBLIC,COMPLETED,report/agent_logs/80808712-1.json
2026-06-20T15:30:15+00:00,53869254,80808182,0,EPISODE_TYPE_PUBLIC,COMPLETED,report/agent_logs/80808182-0.json
2026-06-20T15:30:15+00:00,53869254,80807667,1,EPISODE_TYPE_PUBLIC,COMPLETED,report/agent_logs/80807667-1.json
2026-06-20T15:30:15+00:00,53869254,80807125,1,EPISODE_TYPE_PUBLIC,COMPLETED,report/agent_logs/80807125-1.json
2026-06-20T15:30:15+00:00,53869254,80806610,0,EPISODE_TYPE_PUBLIC,COMPLETED,report/agent_logs/80806610-0.json
2026-06-20T15:30:15+00:00,53869254,80806088,0,EPISODE_TYPE_PUBLIC,COMPLETED,report/agent_logs/80806088-0.json
2026-06-20T15:30:15+00:00,53869254,80805378,1,EPISODE_TYPE_PUBLIC,COMPLETED,report/agent_logs/80805378-1.json
2026-06-20T15:30:15+00:00,53869254,80804855,0,EPISODE_TYPE_PUBLIC,COMPLETED,report/agent_logs/80804855-0.json
2026-06-20T15:30:15+00:00,53869254,80804231,0,EPISODE_TYPE_VALIDATION,COMPLETED,report/agent_logs/80804231-0.json
2026-06-20T15:30:15+00:00,53869254,80804231,1,EPISODE_TYPE_VALIDATION,COMPLETED,report/agent_logs/80804231-1.json
2026-06-22T15:00:46+00:00,53950246,81369670,0,EPISODE_TYPE_VALIDATION,COMPLETED,report/agent_logs/81369670-0.json
2026-06-22T15:00:46+00:00,53950246,81369670,1,EPISODE_TYPE_VALIDATION,COMPLETED,report/agent_logs/81369670-1.json
2026-06-23T17:23:33+00:00,53950779,81452995,0,EPISODE_TYPE_PUBLIC,COMPLETED,report/agent_logs/81452995-0.json
2026-06-23T17:23:33+00:00,53950779,81384618,1,EPISODE_TYPE_PUBLIC,COMPLETED,report/agent_logs/81384618-1.json
2026-06-23T17:23:33+00:00,53950779,81384123,0,EPISODE_TYPE_PUBLIC,COMPLETED,report/agent_logs/81384123-0.json
2026-06-23T17:23:33+00:00,53950779,81384046,0,EPISODE_TYPE_PUBLIC,COMPLETED,report/agent_logs/81384046-0.json
2026-06-23T17:23:33+00:00,53950779,81383253,1,EPISODE_TYPE_PUBLIC,COMPLETED,report/agent_logs/81383253-1.json
2026-06-23T17:23:33+00:00,53950779,81382669,1,EPISODE_TYPE_PUBLIC,COMPLETED,report/agent_logs/81382669-1.json
2026-06-23T17:23:33+00:00,53950779,81382032,0,EPISODE_TYPE_PUBLIC,COMPLETED,report/agent_logs/81382032-0.json
2026-06-23T17:23:33+00:00,53950779,81381225,0,EPISODE_TYPE_PUBLIC,COMPLETED,report/agent_logs/81381225-0.json
2026-06-23T17:23:33+00:00,53950779,81380653,1,EPISODE_TYPE_PUBLIC,COMPLETED,report/agent_logs/81380653-1.json
2026-06-23T17:23:33+00:00,53950779,81380025,1,EPISODE_TYPE_PUBLIC,COMPLETED,report/agent_logs/81380025-1.json
2026-06-23T17:23:33+00:00,53950779,81379407,0,EPISODE_TYPE_PUBLIC,COMPLETED,report/agent_logs/81379407-0.json
2026-06-23T17:23:33+00:00,53950779,81378170,1,EPISODE_TYPE_PUBLIC,COMPLETED,report/agent_logs/81378170-1.json
2026-06-23T17:23:33+00:00,53950779,81378786,1,EPISODE_TYPE_PUBLIC,COMPLETED,report/agent_logs/81378786-1.json
2026-06-23T17:23:33+00:00,53950779,81377511,0,EPISODE_TYPE_PUBLIC,COMPLETED,report/agent_logs/81377511-0.json
2026-06-23T17:23:33+00:00,53950779,81377368,1,EPISODE_TYPE_PUBLIC,COMPLETED,report/agent_logs/81377368-1.json
2026-06-23T17:23:33+00:00,53950779,81376581,1,EPISODE_TYPE_PUBLIC,COMPLETED,report/agent_logs/81376581-1.json
2026-06-23T17:23:33+00:00,53950779,81375787,1,EPISODE_TYPE_PUBLIC,COMPLETED,report/agent_logs/81375787-1.json
2026-06-23T17:23:33+00:00,53950779,81375036,1,EPISODE_TYPE_PUBLIC,COMPLETED,report/agent_logs/81375036-1.json
2026-06-23T17:23:33+00:00,53950779,81374396,0,EPISODE_TYPE_PUBLIC,COMPLETED,report/agent_logs/81374396-0.json
2026-06-23T17:23:33+00:00,53950779,81373779,1,EPISODE_TYPE_PUBLIC,COMPLETED,report/agent_logs/81373779-1.json
2026-06-23T17:23:33+00:00,53950779,81373160,1,EPISODE_TYPE_PUBLIC,COMPLETED,report/agent_logs/81373160-1.json
2026-06-23T17:23:33+00:00,53950779,81373040,0,EPISODE_TYPE_VALIDATION,COMPLETED,report/agent_logs/81373040-0.json
2026-06-23T17:23:33+00:00,53950779,81373040,1,EPISODE_TYPE_VALIDATION,COMPLETED,report/agent_logs/81373040-1.json
2026-06-23T20:58:56+00:00,53989933,81531336,1,EPISODE_TYPE_PUBLIC,COMPLETED,report/agent_logs/81531336-1.json
2026-06-23T20:58:56+00:00,53989933,81527066,0,EPISODE_TYPE_PUBLIC,COMPLETED,report/agent_logs/81527066-0.json
2026-06-23T20:58:56+00:00,53989933,81526803,0,EPISODE_TYPE_PUBLIC,COMPLETED,report/agent_logs/81526803-0.json
2026-06-23T20:58:56+00:00,53989933,81526701,0,EPISODE_TYPE_VALIDATION,COMPLETED,report/agent_logs/81526701-0.json
2026-06-23T20:58:56+00:00,53989933,81526701,1,EPISODE_TYPE_VALIDATION,COMPLETED,report/agent_logs/81526701-1.json
2026-06-26T13:12:02+00:00,53995982,82006003,1,EPISODE_TYPE_PUBLIC,COMPLETED,report/agent_logs/82006003-1.json
2026-06-26T13:12:02+00:00,53995982,81990421,1,EPISODE_TYPE_PUBLIC,COMPLETED,report/agent_logs/81990421-1.json
2026-06-26T13:12:02+00:00,53995982,81981324,0,EPISODE_TYPE_PUBLIC,COMPLETED,report/agent_logs/81981324-0.json
2026-06-26T13:12:02+00:00,53995982,81979817,1,EPISODE_TYPE_PUBLIC,COMPLETED,report/agent_logs/81979817-1.json
2026-06-26T13:12:02+00:00,53995982,81970713,0,EPISODE_TYPE_PUBLIC,COMPLETED,report/agent_logs/81970713-0.json
2026-06-26T13:12:02+00:00,53995982,81964725,1,EPISODE_TYPE_PUBLIC,COMPLETED,report/agent_logs/81964725-1.json
2026-06-26T13:12:02+00:00,53995982,81954914,0,EPISODE_TYPE_PUBLIC,COMPLETED,report/agent_logs/81954914-0.json
2026-06-26T13:12:02+00:00,53995982,81936179,1,EPISODE_TYPE_PUBLIC,COMPLETED,report/agent_logs/81936179-1.json
2026-06-26T13:12:02+00:00,53995982,81933124,1,EPISODE_TYPE_PUBLIC,COMPLETED,report/agent_logs/81933124-1.json
2026-06-26T13:12:02+00:00,53995982,81919802,0,EPISODE_TYPE_PUBLIC,COMPLETED,report/agent_logs/81919802-0.json
2026-06-26T13:12:02+00:00,53995982,81903544,0,EPISODE_TYPE_PUBLIC,COMPLETED,report/agent_logs/81903544-0.json
2026-06-26T13:12:02+00:00,53995982,81900425,0,EPISODE_TYPE_PUBLIC,COMPLETED,report/agent_logs/81900425-0.json
2026-06-26T13:12:02+00:00,53995982,81898410,0,EPISODE_TYPE_PUBLIC,COMPLETED,report/agent_logs/81898410-0.json
2026-06-26T13:12:02+00:00,53995982,81896840,1,EPISODE_TYPE_PUBLIC,COMPLETED,report/agent_logs/81896840-1.json
2026-06-26T13:12:02+00:00,53995982,81892144,0,EPISODE_TYPE_PUBLIC,COMPLETED,report/agent_logs/81892144-0.json
2026-06-26T13:12:02+00:00,53995982,81870836,0,EPISODE_TYPE_PUBLIC,COMPLETED,report/agent_logs/81870836-0.json
2026-06-26T13:12:02+00:00,53995982,81865919,1,EPISODE_TYPE_PUBLIC,COMPLETED,report/agent_logs/81865919-1.json
2026-06-26T13:12:02+00:00,53995982,81859593,0,EPISODE_TYPE_PUBLIC,COMPLETED,report/agent_logs/81859593-0.json
2026-06-26T13:12:02+00:00,53995982,81836583,0,EPISODE_TYPE_PUBLIC,COMPLETED,report/agent_logs/81836583-0.json
2026-06-26T13:12:02+00:00,53995982,81832386,1,EPISODE_TYPE_PUBLIC,COMPLETED,report/agent_logs/81832386-1.json
2026-06-26T13:12:02+00:00,53995982,81830766,0,EPISODE_TYPE_PUBLIC,COMPLETED,report/agent_logs/81830766-0.json
2026-06-26T13:12:02+00:00,53995982,81805898,0,EPISODE_TYPE_PUBLIC,COMPLETED,report/agent_logs/81805898-0.json
2026-06-26T13:12:02+00:00,53995982,81784585,1,EPISODE_TYPE_PUBLIC,COMPLETED,report/agent_logs/81784585-1.json
2026-06-26T13:12:02+00:00,53995982,81763195,1,EPISODE_TYPE_PUBLIC,COMPLETED,report/agent_logs/81763195-1.json
2026-06-26T13:12:02+00:00,53995982,81733681,1,EPISODE_TYPE_PUBLIC,COMPLETED,report/agent_logs/81733681-1.json
2026-06-26T13:12:02+00:00,53995982,81722286,0,EPISODE_TYPE_PUBLIC,COMPLETED,report/agent_logs/81722286-0.json
2026-06-26T13:12:02+00:00,53995982,81720825,1,EPISODE_TYPE_PUBLIC,COMPLETED,report/agent_logs/81720825-1.json
2026-06-26T13:12:03+00:00,53989933,82008223,1,EPISODE_TYPE_PUBLIC,COMPLETED,report/agent_logs/82008223-1.json
2026-06-26T13:12:03+00:00,53989933,82008203,1,EPISODE_TYPE_PUBLIC,COMPLETED,report/agent_logs/82008203-1.json
2026-06-26T13:12:03+00:00,53989933,81988034,1,EPISODE_TYPE_PUBLIC,COMPLETED,report/agent_logs/81988034-1.json
2026-06-26T13:12:03+00:00,53989933,81987578,0,EPISODE_TYPE_PUBLIC,COMPLETED,report/agent_logs/81987578-0.json
2026-06-26T13:12:03+00:00,53989933,81984306,1,EPISODE_TYPE_PUBLIC,COMPLETED,report/agent_logs/81984306-1.json
2026-06-26T13:12:03+00:00,53989933,81982813,0,EPISODE_TYPE_PUBLIC,COMPLETED,report/agent_logs/81982813-0.json
2026-06-26T13:12:03+00:00,53989933,81981653,1,EPISODE_TYPE_PUBLIC,COMPLETED,report/agent_logs/81981653-1.json
2026-06-26T13:12:03+00:00,53989933,81978764,1,EPISODE_TYPE_PUBLIC,COMPLETED,report/agent_logs/81978764-1.json
2026-06-26T13:12:03+00:00,53989933,81975261,1,EPISODE_TYPE_PUBLIC,COMPLETED,report/agent_logs/81975261-1.json
2026-06-26T13:12:03+00:00,53989933,81941564,0,EPISODE_TYPE_PUBLIC,COMPLETED,report/agent_logs/81941564-0.json
2026-06-26T13:12:03+00:00,53989933,81936234,1,EPISODE_TYPE_PUBLIC,COMPLETED,report/agent_logs/81936234-1.json
2026-06-26T13:12:03+00:00,53989933,81931257,0,EPISODE_TYPE_PUBLIC,COMPLETED,report/agent_logs/81931257-0.json
2026-06-26T13:12:03+00:00,53989933,81912853,1,EPISODE_TYPE_PUBLIC,COMPLETED,report/agent_logs/81912853-1.json
2026-06-26T13:12:03+00:00,53989933,81901879,1,EPISODE_TYPE_PUBLIC,COMPLETED,report/agent_logs/81901879-1.json
2026-06-26T13:12:03+00:00,53989933,81899602,0,EPISODE_TYPE_PUBLIC,COMPLETED,report/agent_logs/81899602-0.json
2026-06-26T13:12:03+00:00,53989933,81892738,1,EPISODE_TYPE_PUBLIC,COMPLETED,report/agent_logs/81892738-1.json
2026-06-26T13:12:03+00:00,53989933,81870860,1,EPISODE_TYPE_PUBLIC,COMPLETED,report/agent_logs/81870860-1.json
2026-06-26T13:12:03+00:00,53989933,81860165,1,EPISODE_TYPE_PUBLIC,COMPLETED,report/agent_logs/81860165-1.json
2026-06-26T13:12:03+00:00,53989933,81846737,1,EPISODE_TYPE_PUBLIC,COMPLETED,report/agent_logs/81846737-1.json
2026-06-26T13:12:03+00:00,53989933,81829110,0,EPISODE_TYPE_PUBLIC,COMPLETED,report/agent_logs/81829110-0.json
2026-06-26T13:12:03+00:00,53989933,81818238,0,EPISODE_TYPE_PUBLIC,COMPLETED,report/agent_logs/81818238-0.json
2026-06-26T13:12:03+00:00,53989933,81802663,0,EPISODE_TYPE_PUBLIC,COMPLETED,report/agent_logs/81802663-0.json
2026-06-26T13:12:03+00:00,53989933,81781302,1,EPISODE_TYPE_PUBLIC,COMPLETED,report/agent_logs/81781302-1.json
2026-06-26T13:12:03+00:00,53989933,81772460,1,EPISODE_TYPE_PUBLIC,COMPLETED,report/agent_logs/81772460-1.json
2026-06-26T13:12:03+00:00,53989933,81751341,0,EPISODE_TYPE_PUBLIC,COMPLETED,report/agent_logs/81751341-0.json
2026-06-26T13:12:03+00:00,53989933,81731381,1,EPISODE_TYPE_PUBLIC,COMPLETED,report/agent_logs/81731381-1.json
2026-06-26T19:06:11+00:00,54083197,82073113,1,EPISODE_TYPE_PUBLIC,COMPLETED,report/agent_logs/82073113-1.json
2026-06-26T19:06:11+00:00,54083197,82072503,1,EPISODE_TYPE_PUBLIC,COMPLETED,report/agent_logs/82072503-1.json
2026-06-26T19:06:11+00:00,54083197,82071881,1,EPISODE_TYPE_PUBLIC,COMPLETED,report/agent_logs/82071881-1.json
2026-06-26T19:06:11+00:00,54083197,82071257,1,EPISODE_TYPE_PUBLIC,COMPLETED,report/agent_logs/82071257-1.json
2026-06-26T19:06:11+00:00,54083197,82070777,0,EPISODE_TYPE_PUBLIC,COMPLETED,report/agent_logs/82070777-0.json
2026-06-26T19:06:11+00:00,54083197,82070304,0,EPISODE_TYPE_PUBLIC,COMPLETED,report/agent_logs/82070304-0.json
2026-06-26T19:06:11+00:00,54083197,82070292,0,EPISODE_TYPE_PUBLIC,COMPLETED,report/agent_logs/82070292-0.json
2026-06-26T19:06:11+00:00,54083197,82069705,1,EPISODE_TYPE_PUBLIC,COMPLETED,report/agent_logs/82069705-1.json
2026-06-26T19:06:11+00:00,54083197,82069224,1,EPISODE_TYPE_PUBLIC,COMPLETED,report/agent_logs/82069224-1.json
2026-06-26T19:06:11+00:00,54083197,82068759,1,EPISODE_TYPE_PUBLIC,COMPLETED,report/agent_logs/82068759-1.json
2026-06-26T19:06:11+00:00,54083197,82068293,0,EPISODE_TYPE_PUBLIC,COMPLETED,report/agent_logs/82068293-0.json
2026-06-26T19:06:11+00:00,54083197,82067827,0,EPISODE_TYPE_PUBLIC,COMPLETED,report/agent_logs/82067827-0.json
2026-06-26T19:06:11+00:00,54083197,82067336,1,EPISODE_TYPE_PUBLIC,COMPLETED,report/agent_logs/82067336-1.json
2026-06-26T19:06:11+00:00,54083197,82066818,0,EPISODE_TYPE_PUBLIC,COMPLETED,report/agent_logs/82066818-0.json
2026-06-26T19:06:11+00:00,54083197,82066303,0,EPISODE_TYPE_PUBLIC,COMPLETED,report/agent_logs/82066303-0.json
2026-06-26T19:06:11+00:00,54083197,82065786,0,EPISODE_TYPE_PUBLIC,COMPLETED,report/agent_logs/82065786-0.json
2026-06-26T19:06:11+00:00,54083197,82065148,1,EPISODE_TYPE_PUBLIC,COMPLETED,report/agent_logs/82065148-1.json
2026-06-26T19:06:11+00:00,54083197,82064661,0,EPISODE_TYPE_PUBLIC,COMPLETED,report/agent_logs/82064661-0.json
2026-06-26T19:06:11+00:00,54083197,82064050,0,EPISODE_TYPE_PUBLIC,COMPLETED,report/agent_logs/82064050-0.json
2026-06-26T19:06:11+00:00,54083197,82063578,1,EPISODE_TYPE_PUBLIC,COMPLETED,report/agent_logs/82063578-1.json
2026-06-26T19:06:11+00:00,54083197,82062971,0,EPISODE_TYPE_PUBLIC,COMPLETED,report/agent_logs/82062971-0.json
2026-06-26T19:06:11+00:00,54083197,82062339,1,EPISODE_TYPE_PUBLIC,COMPLETED,report/agent_logs/82062339-1.json
2026-06-26T19:06:11+00:00,54083197,82061875,1,EPISODE_TYPE_PUBLIC,COMPLETED,report/agent_logs/82061875-1.json
2026-06-26T19:06:11+00:00,54083197,82061256,1,EPISODE_TYPE_PUBLIC,COMPLETED,report/agent_logs/82061256-1.json
2026-06-26T19:06:11+00:00,54083197,82060623,1,EPISODE_TYPE_PUBLIC,COMPLETED,report/agent_logs/82060623-1.json
2026-06-26T19:06:11+00:00,54083197,82060007,0,EPISODE_TYPE_PUBLIC,COMPLETED,report/agent_logs/82060007-0.json
2026-06-26T19:06:11+00:00,54083197,82059681,1,EPISODE_TYPE_PUBLIC,COMPLETED,report/agent_logs/82059681-1.json
2026-06-26T19:06:11+00:00,54083197,82058916,1,EPISODE_TYPE_PUBLIC,COMPLETED,report/agent_logs/82058916-1.json
2026-06-26T19:06:11+00:00,54083197,82058290,0,EPISODE_TYPE_PUBLIC,COMPLETED,report/agent_logs/82058290-0.json
2026-06-26T19:06:11+00:00,54083197,82057669,1,EPISODE_TYPE_PUBLIC,COMPLETED,report/agent_logs/82057669-1.json
2026-06-26T19:06:11+00:00,54083197,82057197,0,EPISODE_TYPE_PUBLIC,COMPLETED,report/agent_logs/82057197-0.json
2026-06-26T19:06:11+00:00,54083197,82056568,0,EPISODE_TYPE_PUBLIC,COMPLETED,report/agent_logs/82056568-0.json
2026-06-26T19:06:11+00:00,54083197,82056101,1,EPISODE_TYPE_PUBLIC,COMPLETED,report/agent_logs/82056101-1.json
2026-06-26T19:06:11+00:00,54083197,82055480,0,EPISODE_TYPE_PUBLIC,COMPLETED,report/agent_logs/82055480-0.json
2026-06-26T19:06:11+00:00,54083197,82054864,1,EPISODE_TYPE_PUBLIC,COMPLETED,report/agent_logs/82054864-1.json
2026-06-26T19:06:11+00:00,54083197,82054385,1,EPISODE_TYPE_PUBLIC,COMPLETED,report/agent_logs/82054385-1.json
2026-06-26T19:06:11+00:00,54083197,82053920,1,EPISODE_TYPE_PUBLIC,COMPLETED,report/agent_logs/82053920-1.json
2026-06-26T19:06:11+00:00,54083197,82053282,0,EPISODE_TYPE_PUBLIC,COMPLETED,report/agent_logs/82053282-0.json
2026-06-26T19:06:11+00:00,54083197,82052657,0,EPISODE_TYPE_PUBLIC,COMPLETED,report/agent_logs/82052657-0.json
2026-06-26T19:06:11+00:00,54083197,82052175,1,EPISODE_TYPE_PUBLIC,COMPLETED,report/agent_logs/82052175-1.json
2026-06-26T19:06:11+00:00,54083197,82051532,0,EPISODE_TYPE_PUBLIC,COMPLETED,report/agent_logs/82051532-0.json
2026-06-26T19:06:11+00:00,54083197,82051056,0,EPISODE_TYPE_PUBLIC,COMPLETED,report/agent_logs/82051056-0.json
2026-06-26T19:06:11+00:00,54083197,82050338,0,EPISODE_TYPE_VALIDATION,COMPLETED,report/agent_logs/82050338-0.json
2026-06-26T19:06:11+00:00,54083197,82050338,1,EPISODE_TYPE_VALIDATION,COMPLETED,report/agent_logs/82050338-1.json
2026-06-27T13:05:27+00:00,54088877,82225640,0,EPISODE_TYPE_PUBLIC,COMPLETED,report/agent_logs/82225640-0.json
2026-06-27T13:05:27+00:00,54088877,82218599,1,EPISODE_TYPE_PUBLIC,COMPLETED,report/agent_logs/82218599-1.json
2026-06-27T13:05:27+00:00,54088877,82217636,0,EPISODE_TYPE_PUBLIC,COMPLETED,report/agent_logs/82217636-0.json
2026-06-27T13:05:27+00:00,54088877,82192309,1,EPISODE_TYPE_PUBLIC,COMPLETED,report/agent_logs/82192309-1.json
2026-06-27T13:05:27+00:00,54088877,82190725,1,EPISODE_TYPE_PUBLIC,COMPLETED,report/agent_logs/82190725-1.json
2026-06-27T13:05:27+00:00,54088877,82185431,1,EPISODE_TYPE_PUBLIC,COMPLETED,report/agent_logs/82185431-1.json
2026-06-27T13:05:27+00:00,54088877,82169654,0,EPISODE_TYPE_PUBLIC,COMPLETED,report/agent_logs/82169654-0.json
2026-06-27T13:05:27+00:00,54088877,82156439,1,EPISODE_TYPE_PUBLIC,COMPLETED,report/agent_logs/82156439-1.json
2026-06-27T13:05:27+00:00,54088877,82137223,1,EPISODE_TYPE_PUBLIC,COMPLETED,report/agent_logs/82137223-1.json
2026-06-27T13:05:27+00:00,54088877,82122355,0,EPISODE_TYPE_PUBLIC,COMPLETED,report/agent_logs/82122355-0.json
2026-06-27T13:05:27+00:00,54088877,82118308,1,EPISODE_TYPE_PUBLIC,COMPLETED,report/agent_logs/82118308-1.json
2026-06-27T13:05:27+00:00,54088877,82118360,0,EPISODE_TYPE_PUBLIC,COMPLETED,report/agent_logs/82118360-0.json
2026-06-27T13:05:27+00:00,54088877,82117680,0,EPISODE_TYPE_PUBLIC,COMPLETED,report/agent_logs/82117680-0.json
2026-06-27T13:05:27+00:00,54088877,82117169,1,EPISODE_TYPE_PUBLIC,COMPLETED,report/agent_logs/82117169-1.json
2026-06-27T13:05:27+00:00,54088877,82116485,0,EPISODE_TYPE_PUBLIC,COMPLETED,report/agent_logs/82116485-0.json
2026-06-27T13:05:27+00:00,54088877,82115932,1,EPISODE_TYPE_PUBLIC,COMPLETED,report/agent_logs/82115932-1.json
2026-06-27T13:05:27+00:00,54088877,82115240,1,EPISODE_TYPE_PUBLIC,COMPLETED,report/agent_logs/82115240-1.json
2026-06-27T13:05:27+00:00,54088877,82114692,1,EPISODE_TYPE_PUBLIC,COMPLETED,report/agent_logs/82114692-1.json
2026-06-27T13:05:27+00:00,54088877,82114044,1,EPISODE_TYPE_PUBLIC,COMPLETED,report/agent_logs/82114044-1.json
2026-06-27T13:05:27+00:00,54088877,82113377,1,EPISODE_TYPE_PUBLIC,COMPLETED,report/agent_logs/82113377-1.json
2026-06-27T13:05:27+00:00,54088877,82112871,0,EPISODE_TYPE_PUBLIC,COMPLETED,report/agent_logs/82112871-0.json
2026-06-27T13:05:27+00:00,54088877,82112218,0,EPISODE_TYPE_PUBLIC,COMPLETED,report/agent_logs/82112218-0.json
2026-06-27T13:05:27+00:00,54088877,82111709,1,EPISODE_TYPE_PUBLIC,COMPLETED,report/agent_logs/82111709-1.json
2026-06-27T13:05:27+00:00,54088877,82111206,1,EPISODE_TYPE_PUBLIC,COMPLETED,report/agent_logs/82111206-1.json
2026-06-27T13:05:27+00:00,54088877,82110696,1,EPISODE_TYPE_PUBLIC,COMPLETED,report/agent_logs/82110696-1.json
2026-06-27T13:05:27+00:00,54088877,82110184,0,EPISODE_TYPE_PUBLIC,COMPLETED,report/agent_logs/82110184-0.json
2026-06-27T13:05:27+00:00,54088877,82109525,0,EPISODE_TYPE_PUBLIC,COMPLETED,report/agent_logs/82109525-0.json
2026-06-27T13:05:27+00:00,54088877,82109015,0,EPISODE_TYPE_PUBLIC,COMPLETED,report/agent_logs/82109015-0.json
2026-06-27T13:05:27+00:00,54088877,82108336,1,EPISODE_TYPE_PUBLIC,COMPLETED,report/agent_logs/82108336-1.json
2026-06-27T13:05:27+00:00,54088877,82107826,0,EPISODE_TYPE_PUBLIC,COMPLETED,report/agent_logs/82107826-0.json
2026-06-27T13:05:27+00:00,54088877,82107161,0,EPISODE_TYPE_PUBLIC,COMPLETED,report/agent_logs/82107161-0.json
2026-06-27T13:05:27+00:00,54088877,82106650,1,EPISODE_TYPE_PUBLIC,COMPLETED,report/agent_logs/82106650-1.json
2026-06-27T13:05:27+00:00,54088877,82106169,1,EPISODE_TYPE_PUBLIC,COMPLETED,report/agent_logs/82106169-1.json
2026-06-27T13:05:27+00:00,54088877,82105468,0,EPISODE_TYPE_PUBLIC,COMPLETED,report/agent_logs/82105468-0.json
2026-06-27T13:05:27+00:00,54088877,82104953,0,EPISODE_TYPE_PUBLIC,COMPLETED,report/agent_logs/82104953-0.json
2026-06-27T13:05:27+00:00,54088877,82104447,1,EPISODE_TYPE_PUBLIC,COMPLETED,report/agent_logs/82104447-1.json
2026-06-27T13:05:27+00:00,54088877,82103782,1,EPISODE_TYPE_PUBLIC,COMPLETED,report/agent_logs/82103782-1.json
2026-06-27T13:05:27+00:00,54088877,82103266,1,EPISODE_TYPE_PUBLIC,COMPLETED,report/agent_logs/82103266-1.json
2026-06-27T13:05:27+00:00,54088877,82102757,1,EPISODE_TYPE_PUBLIC,COMPLETED,report/agent_logs/82102757-1.json
2026-06-27T13:05:27+00:00,54088877,82102241,1,EPISODE_TYPE_PUBLIC,COMPLETED,report/agent_logs/82102241-1.json
2026-06-27T13:05:27+00:00,54088877,82101578,0,EPISODE_TYPE_PUBLIC,COMPLETED,report/agent_logs/82101578-0.json
2026-06-27T13:05:27+00:00,54088877,82100917,0,EPISODE_TYPE_PUBLIC,COMPLETED,report/agent_logs/82100917-0.json
2026-06-27T13:05:27+00:00,54088877,82100392,1,EPISODE_TYPE_PUBLIC,COMPLETED,report/agent_logs/82100392-1.json
2026-06-27T13:05:27+00:00,54088877,82099739,1,EPISODE_TYPE_PUBLIC,COMPLETED,report/agent_logs/82099739-1.json
2026-06-27T13:05:27+00:00,54088877,82099237,0,EPISODE_TYPE_PUBLIC,COMPLETED,report/agent_logs/82099237-0.json
2026-06-27T13:05:27+00:00,54088877,82098729,1,EPISODE_TYPE_PUBLIC,COMPLETED,report/agent_logs/82098729-1.json
2026-06-27T13:05:27+00:00,54088877,82098073,1,EPISODE_TYPE_PUBLIC,COMPLETED,report/agent_logs/82098073-1.json
2026-06-27T13:05:27+00:00,54088877,82097553,0,EPISODE_TYPE_PUBLIC,COMPLETED,report/agent_logs/82097553-0.json
2026-06-27T13:05:27+00:00,54088877,82097056,0,EPISODE_TYPE_PUBLIC,COMPLETED,report/agent_logs/82097056-0.json
2026-06-27T13:05:27+00:00,54088877,82096541,0,EPISODE_TYPE_PUBLIC,COMPLETED,report/agent_logs/82096541-0.json
2026-06-27T13:05:27+00:00,54088877,82095875,1,EPISODE_TYPE_PUBLIC,COMPLETED,report/agent_logs/82095875-1.json
2026-06-27T13:05:27+00:00,54088877,82095334,0,EPISODE_TYPE_PUBLIC,COMPLETED,report/agent_logs/82095334-0.json
2026-06-27T13:05:27+00:00,54088877,82094673,0,EPISODE_TYPE_PUBLIC,COMPLETED,report/agent_logs/82094673-0.json
2026-06-27T13:05:27+00:00,54088877,82094163,0,EPISODE_TYPE_PUBLIC,COMPLETED,report/agent_logs/82094163-0.json
2026-06-27T13:05:27+00:00,54088877,82093651,1,EPISODE_TYPE_PUBLIC,COMPLETED,report/agent_logs/82093651-1.json
2026-06-27T13:05:27+00:00,54088877,82092995,1,EPISODE_TYPE_PUBLIC,COMPLETED,report/agent_logs/82092995-1.json
2026-06-27T13:05:27+00:00,54088877,82092244,0,EPISODE_TYPE_VALIDATION,COMPLETED,report/agent_logs/82092244-0.json
2026-06-27T13:05:27+00:00,54088877,82092244,1,EPISODE_TYPE_VALIDATION,COMPLETED,report/agent_logs/82092244-1.json
2026-06-27T13:08:20+00:00,54089078,82217656,1,EPISODE_TYPE_PUBLIC,COMPLETED,report/agent_logs/82217656-1.json
2026-06-27T13:08:20+00:00,54089078,82216509,1,EPISODE_TYPE_PUBLIC,COMPLETED,report/agent_logs/82216509-1.json
2026-06-27T13:08:20+00:00,54089078,82209964,1,EPISODE_TYPE_PUBLIC,COMPLETED,report/agent_logs/82209964-1.json
2026-06-27T13:08:20+00:00,54089078,82179497,1,EPISODE_TYPE_PUBLIC,COMPLETED,report/agent_logs/82179497-1.json
2026-06-27T13:08:20+00:00,54089078,82162452,1,EPISODE_TYPE_PUBLIC,COMPLETED,report/agent_logs/82162452-1.json
2026-06-27T13:08:20+00:00,54089078,82148038,0,EPISODE_TYPE_PUBLIC,COMPLETED,report/agent_logs/82148038-0.json
2026-06-27T13:08:20+00:00,54089078,82128581,0,EPISODE_TYPE_PUBLIC,COMPLETED,report/agent_logs/82128581-0.json
2026-06-27T13:08:20+00:00,54089078,82125841,1,EPISODE_TYPE_PUBLIC,COMPLETED,report/agent_logs/82125841-1.json
2026-06-27T13:08:20+00:00,54089078,82118249,0,EPISODE_TYPE_PUBLIC,COMPLETED,report/agent_logs/82118249-0.json
2026-06-27T13:08:20+00:00,54089078,82117054,1,EPISODE_TYPE_PUBLIC,COMPLETED,report/agent_logs/82117054-1.json
2026-06-27T13:08:20+00:00,54089078,82115949,0,EPISODE_TYPE_PUBLIC,COMPLETED,report/agent_logs/82115949-0.json
2026-06-27T13:08:20+00:00,54089078,82115245,1,EPISODE_TYPE_PUBLIC,COMPLETED,report/agent_logs/82115245-1.json
2026-06-27T13:08:20+00:00,54089078,82114697,0,EPISODE_TYPE_PUBLIC,COMPLETED,report/agent_logs/82114697-0.json
2026-06-27T13:08:20+00:00,54089078,82114052,1,EPISODE_TYPE_PUBLIC,COMPLETED,report/agent_logs/82114052-1.json
2026-06-27T13:08:20+00:00,54089078,82113385,1,EPISODE_TYPE_PUBLIC,COMPLETED,report/agent_logs/82113385-1.json
2026-06-27T13:08:20+00:00,54089078,82112882,0,EPISODE_TYPE_PUBLIC,COMPLETED,report/agent_logs/82112882-0.json
2026-06-27T13:08:20+00:00,54089078,82112226,1,EPISODE_TYPE_PUBLIC,COMPLETED,report/agent_logs/82112226-1.json
2026-06-27T13:08:20+00:00,54089078,82111715,0,EPISODE_TYPE_PUBLIC,COMPLETED,report/agent_logs/82111715-0.json
2026-06-27T13:08:20+00:00,54089078,82111213,0,EPISODE_TYPE_PUBLIC,COMPLETED,report/agent_logs/82111213-0.json
2026-06-27T13:08:20+00:00,54089078,82110701,1,EPISODE_TYPE_PUBLIC,COMPLETED,report/agent_logs/82110701-1.json
2026-06-27T13:08:20+00:00,54089078,82110193,1,EPISODE_TYPE_PUBLIC,COMPLETED,report/agent_logs/82110193-1.json
2026-06-27T13:08:20+00:00,54089078,82109529,0,EPISODE_TYPE_PUBLIC,COMPLETED,report/agent_logs/82109529-0.json
2026-06-27T13:08:20+00:00,54089078,82109020,1,EPISODE_TYPE_PUBLIC,COMPLETED,report/agent_logs/82109020-1.json
2026-06-27T13:08:20+00:00,54089078,82108341,0,EPISODE_TYPE_PUBLIC,COMPLETED,report/agent_logs/82108341-0.json
2026-06-27T13:08:20+00:00,54089078,82107831,0,EPISODE_TYPE_PUBLIC,COMPLETED,report/agent_logs/82107831-0.json
2026-06-27T13:08:20+00:00,54089078,82107163,0,EPISODE_TYPE_PUBLIC,COMPLETED,report/agent_logs/82107163-0.json
2026-06-27T13:08:20+00:00,54089078,82106655,1,EPISODE_TYPE_PUBLIC,COMPLETED,report/agent_logs/82106655-1.json
2026-06-27T13:08:20+00:00,54089078,82106161,1,EPISODE_TYPE_PUBLIC,COMPLETED,report/agent_logs/82106161-1.json
2026-06-27T13:08:20+00:00,54089078,82105473,0,EPISODE_TYPE_PUBLIC,COMPLETED,report/agent_logs/82105473-0.json
2026-06-27T13:08:20+00:00,54089078,82104962,0,EPISODE_TYPE_PUBLIC,COMPLETED,report/agent_logs/82104962-0.json
2026-06-27T13:08:20+00:00,54089078,82104455,0,EPISODE_TYPE_PUBLIC,COMPLETED,report/agent_logs/82104455-0.json
2026-06-27T13:08:20+00:00,54089078,82103791,1,EPISODE_TYPE_PUBLIC,COMPLETED,report/agent_logs/82103791-1.json
2026-06-27T13:08:20+00:00,54089078,82103274,0,EPISODE_TYPE_PUBLIC,COMPLETED,report/agent_logs/82103274-0.json
2026-06-27T13:08:20+00:00,54089078,82102764,1,EPISODE_TYPE_PUBLIC,COMPLETED,report/agent_logs/82102764-1.json
2026-06-27T13:08:20+00:00,54089078,82102248,0,EPISODE_TYPE_PUBLIC,COMPLETED,report/agent_logs/82102248-0.json
2026-06-27T13:08:20+00:00,54089078,82101589,1,EPISODE_TYPE_PUBLIC,COMPLETED,report/agent_logs/82101589-1.json
2026-06-27T13:08:20+00:00,54089078,82100922,0,EPISODE_TYPE_PUBLIC,COMPLETED,report/agent_logs/82100922-0.json
2026-06-27T13:08:20+00:00,54089078,82100399,1,EPISODE_TYPE_PUBLIC,COMPLETED,report/agent_logs/82100399-1.json
2026-06-27T13:08:20+00:00,54089078,82099743,0,EPISODE_TYPE_PUBLIC,COMPLETED,report/agent_logs/82099743-0.json
2026-06-27T13:08:20+00:00,54089078,82099238,0,EPISODE_TYPE_PUBLIC,COMPLETED,report/agent_logs/82099238-0.json
2026-06-27T13:08:20+00:00,54089078,82098731,1,EPISODE_TYPE_PUBLIC,COMPLETED,report/agent_logs/82098731-1.json
2026-06-27T13:08:20+00:00,54089078,82098074,1,EPISODE_TYPE_PUBLIC,COMPLETED,report/agent_logs/82098074-1.json
2026-06-27T13:08:20+00:00,54089078,82097562,0,EPISODE_TYPE_PUBLIC,COMPLETED,report/agent_logs/82097562-0.json
2026-06-27T13:08:20+00:00,54089078,82097049,1,EPISODE_TYPE_PUBLIC,COMPLETED,report/agent_logs/82097049-1.json
2026-06-27T13:08:20+00:00,54089078,82096543,1,EPISODE_TYPE_PUBLIC,COMPLETED,report/agent_logs/82096543-1.json
2026-06-27T13:08:20+00:00,54089078,82095871,0,EPISODE_TYPE_PUBLIC,COMPLETED,report/agent_logs/82095871-0.json
2026-06-27T13:08:20+00:00,54089078,82095327,1,EPISODE_TYPE_PUBLIC,COMPLETED,report/agent_logs/82095327-1.json
2026-06-27T13:08:20+00:00,54089078,82094667,1,EPISODE_TYPE_PUBLIC,COMPLETED,report/agent_logs/82094667-1.json
2026-06-27T13:08:20+00:00,54089078,82094579,0,EPISODE_TYPE_VALIDATION,COMPLETED,report/agent_logs/82094579-0.json
2026-06-27T13:08:20+00:00,54089078,82094579,1,EPISODE_TYPE_VALIDATION,COMPLETED,report/agent_logs/82094579-1.json
2026-06-27T13:16:18+00:00,54083197,82090639,0,EPISODE_TYPE_PUBLIC,COMPLETED,report/agent_logs/82090639-0.json
2026-06-27T13:16:18+00:00,54083197,82087670,1,EPISODE_TYPE_PUBLIC,COMPLETED,report/agent_logs/82087670-1.json
2026-06-27T13:16:18+00:00,54083197,82084772,1,EPISODE_TYPE_PUBLIC,COMPLETED,report/agent_logs/82084772-1.json
2026-06-27T13:16:18+00:00,54083197,82080484,1,EPISODE_TYPE_PUBLIC,COMPLETED,report/agent_logs/82080484-1.json
2026-06-27T13:16:18+00:00,54083197,82078247,0,EPISODE_TYPE_PUBLIC,COMPLETED,report/agent_logs/82078247-0.json
2026-06-27T13:16:18+00:00,54083197,82076432,1,EPISODE_TYPE_PUBLIC,COMPLETED,report/agent_logs/82076432-1.json
2026-06-27T13:16:18+00:00,54083197,82074215,0,EPISODE_TYPE_PUBLIC,COMPLETED,report/agent_logs/82074215-0.json
2026-06-27T13:16:18+00:00,54083197,82073596,0,EPISODE_TYPE_PUBLIC,COMPLETED,report/agent_logs/82073596-0.json
2026-06-28T11:30:53+00:00,54109826,82410952,1,EPISODE_TYPE_PUBLIC,COMPLETED,report/agent_logs/82410952-1.json
2026-06-28T11:30:53+00:00,54109826,82408886,0,EPISODE_TYPE_PUBLIC,COMPLETED,report/agent_logs/82408886-0.json
2026-06-28T11:30:53+00:00,54109826,82403783,1,EPISODE_TYPE_PUBLIC,COMPLETED,report/agent_logs/82403783-1.json
2026-06-28T11:30:53+00:00,54109826,82386381,1,EPISODE_TYPE_PUBLIC,COMPLETED,report/agent_logs/82386381-1.json
2026-06-28T11:30:53+00:00,54109826,82383112,1,EPISODE_TYPE_PUBLIC,COMPLETED,report/agent_logs/82383112-1.json
2026-06-28T11:30:53+00:00,54109826,82379059,1,EPISODE_TYPE_PUBLIC,COMPLETED,report/agent_logs/82379059-1.json
2026-06-28T11:30:53+00:00,54109826,82355226,0,EPISODE_TYPE_PUBLIC,COMPLETED,report/agent_logs/82355226-0.json
2026-06-28T11:30:53+00:00,54109826,82347608,1,EPISODE_TYPE_PUBLIC,COMPLETED,report/agent_logs/82347608-1.json
2026-06-28T11:30:53+00:00,54109826,82347146,1,EPISODE_TYPE_PUBLIC,COMPLETED,report/agent_logs/82347146-1.json
2026-06-28T11:30:53+00:00,54109826,82338287,0,EPISODE_TYPE_PUBLIC,COMPLETED,report/agent_logs/82338287-0.json
2026-06-28T11:30:53+00:00,54109826,82332990,1,EPISODE_TYPE_PUBLIC,COMPLETED,report/agent_logs/82332990-1.json
2026-06-28T11:30:53+00:00,54109826,82315478,1,EPISODE_TYPE_PUBLIC,COMPLETED,report/agent_logs/82315478-1.json
2026-06-28T11:30:53+00:00,54109826,82313292,0,EPISODE_TYPE_PUBLIC,COMPLETED,report/agent_logs/82313292-0.json
2026-06-28T11:30:53+00:00,54109826,82312740,0,EPISODE_TYPE_PUBLIC,COMPLETED,report/agent_logs/82312740-0.json
2026-06-28T11:30:53+00:00,54109826,82311495,1,EPISODE_TYPE_PUBLIC,COMPLETED,report/agent_logs/82311495-1.json
2026-06-28T11:30:53+00:00,54109826,82304126,0,EPISODE_TYPE_PUBLIC,COMPLETED,report/agent_logs/82304126-0.json
2026-06-28T11:30:53+00:00,54109826,82303510,1,EPISODE_TYPE_PUBLIC,COMPLETED,report/agent_logs/82303510-1.json
2026-06-28T11:30:53+00:00,54109826,82299645,1,EPISODE_TYPE_PUBLIC,COMPLETED,report/agent_logs/82299645-1.json
2026-06-28T11:30:53+00:00,54109826,82299548,1,EPISODE_TYPE_PUBLIC,COMPLETED,report/agent_logs/82299548-1.json
2026-06-28T11:30:53+00:00,54109826,82294502,1,EPISODE_TYPE_PUBLIC,COMPLETED,report/agent_logs/82294502-1.json
2026-06-28T11:30:53+00:00,54109826,82289753,0,EPISODE_TYPE_PUBLIC,COMPLETED,report/agent_logs/82289753-0.json
2026-06-28T11:30:53+00:00,54109826,82284016,1,EPISODE_TYPE_PUBLIC,COMPLETED,report/agent_logs/82284016-1.json
2026-06-28T11:30:53+00:00,54109826,82281461,0,EPISODE_TYPE_PUBLIC,COMPLETED,report/agent_logs/82281461-0.json
2026-06-28T11:30:53+00:00,54109826,82275923,1,EPISODE_TYPE_PUBLIC,COMPLETED,report/agent_logs/82275923-1.json
2026-06-28T11:30:53+00:00,54109826,82268919,1,EPISODE_TYPE_PUBLIC,COMPLETED,report/agent_logs/82268919-1.json
2026-06-28T11:30:53+00:00,54109826,82259511,1,EPISODE_TYPE_PUBLIC,COMPLETED,report/agent_logs/82259511-1.json
2026-06-28T11:30:54+00:00,54109878,82395014,0,EPISODE_TYPE_PUBLIC,COMPLETED,report/agent_logs/82395014-0.json
2026-06-28T11:30:54+00:00,54109878,82387866,0,EPISODE_TYPE_PUBLIC,COMPLETED,report/agent_logs/82387866-0.json
2026-06-28T11:30:54+00:00,54109878,82387905,0,EPISODE_TYPE_PUBLIC,COMPLETED,report/agent_logs/82387905-0.json
2026-06-28T11:30:54+00:00,54109878,82382400,1,EPISODE_TYPE_PUBLIC,COMPLETED,report/agent_logs/82382400-1.json
2026-06-28T11:30:54+00:00,54109878,82377851,1,EPISODE_TYPE_PUBLIC,COMPLETED,report/agent_logs/82377851-1.json
2026-06-28T11:30:54+00:00,54109878,82374644,0,EPISODE_TYPE_PUBLIC,COMPLETED,report/agent_logs/82374644-0.json
2026-06-28T11:30:54+00:00,54109878,82358867,1,EPISODE_TYPE_PUBLIC,COMPLETED,report/agent_logs/82358867-1.json
2026-06-28T11:30:54+00:00,54109878,82356326,1,EPISODE_TYPE_PUBLIC,COMPLETED,report/agent_logs/82356326-1.json
2026-06-28T11:30:54+00:00,54109878,82351111,1,EPISODE_TYPE_PUBLIC,COMPLETED,report/agent_logs/82351111-1.json
2026-06-28T11:30:54+00:00,54109878,82340705,0,EPISODE_TYPE_PUBLIC,COMPLETED,report/agent_logs/82340705-0.json
2026-06-28T11:30:54+00:00,54109878,82314917,1,EPISODE_TYPE_PUBLIC,COMPLETED,report/agent_logs/82314917-1.json
2026-06-28T11:30:54+00:00,54109878,82309878,1,EPISODE_TYPE_PUBLIC,COMPLETED,report/agent_logs/82309878-1.json
2026-06-28T11:30:54+00:00,54109878,82304142,0,EPISODE_TYPE_PUBLIC,COMPLETED,report/agent_logs/82304142-0.json
2026-06-28T11:30:54+00:00,54109878,82301019,0,EPISODE_TYPE_PUBLIC,COMPLETED,report/agent_logs/82301019-0.json
2026-06-28T11:30:54+00:00,54109878,82297581,1,EPISODE_TYPE_PUBLIC,COMPLETED,report/agent_logs/82297581-1.json
2026-06-28T11:30:54+00:00,54109878,82293846,1,EPISODE_TYPE_PUBLIC,COMPLETED,report/agent_logs/82293846-1.json
2026-06-28T11:30:54+00:00,54109878,82291362,0,EPISODE_TYPE_PUBLIC,COMPLETED,report/agent_logs/82291362-0.json
2026-06-28T11:30:54+00:00,54109878,82289207,1,EPISODE_TYPE_PUBLIC,COMPLETED,report/agent_logs/82289207-1.json
2026-06-28T11:30:54+00:00,54109878,82286872,1,EPISODE_TYPE_PUBLIC,COMPLETED,report/agent_logs/82286872-1.json
2026-06-28T11:30:54+00:00,54109878,82283155,0,EPISODE_TYPE_PUBLIC,COMPLETED,report/agent_logs/82283155-0.json
2026-06-28T11:30:54+00:00,54109878,82279372,0,EPISODE_TYPE_PUBLIC,COMPLETED,report/agent_logs/82279372-0.json
2026-06-28T11:30:54+00:00,54109878,82274393,0,EPISODE_TYPE_PUBLIC,COMPLETED,report/agent_logs/82274393-0.json
2026-06-28T11:30:54+00:00,54109878,82273332,0,EPISODE_TYPE_PUBLIC,COMPLETED,report/agent_logs/82273332-0.json
2026-06-28T11:30:54+00:00,54109878,82271707,0,EPISODE_TYPE_PUBLIC,COMPLETED,report/agent_logs/82271707-0.json
2026-06-28T11:30:54+00:00,54109878,82269545,0,EPISODE_TYPE_PUBLIC,COMPLETED,report/agent_logs/82269545-0.json
